id,name,email,dept,dept_name
8VC7CRX47MVSZW2XE,Alexander Huber,vmaldonado@example.net,GOOG,Google
8WTYAKK88X2K665C1,Laura Thompson,caitlin98@example.org,GOOG,Google
W5D3ZLSY6U048CJSG,Rhonda Roberts,weeksdillon@example.org,GOOG,Google
LB1YLAX90GRX204CY,Cameron Austin,elijahwilliamson@example.com,GOOG,Google
H6CDSARM6NUEELBC2,Brad Evans,wilsonjay@example.com,GOOG,Google
0F9L15EY1P3DY7KH1,Deborah Cole,gbell@example.net,GOOG,Google
3MCKE6KP1XJ7KXB52,Michael Hunter,jenniferfowler@example.org,GOOG,Google
NH3EZBTE6YDH18WTX,Pamela Austin,brianmitchell@example.org,GOOG,Google
F9S9XZU078N9KV9EM,Sean Chandler,wrightalec@example.com,GOOG,Google
DLSDKGT935UWMFF5N,Ricky Perry,claytonjamie@example.com,GOOG,Google
A1MMZ9MB428N7B97A,Thomas Schultz DDS,olivia34@example.org,GOOG,Google
U9N1HKDY1WL63NCT6,Adam Everett,philip15@example.net,GOOG,Google
GNDV49X276J0EVZ9C,Jacob Shannon,glevy@example.com,GOOG,Google
AVTLUHDJ7C9XSL74V,Linda Wright,kennethspencer@example.net,GOOG,Google
N1N8452E1FJ4V119T,Curtis Stone,kimberly23@example.net,GOOG,Google
EGTCJKXK8KKRKFYXA,Megan Stafford,melissamartinez@example.org,GOOG,Google
Y4H87HLK8W0ZJFRYN,Amanda Hunter,jamiewilkins@example.org,GOOG,Google
3SMDYJF5758P3YBFK,Brandon Nunez,adavis@example.org,GOOG,Google
83RLR92D81X7ENTCD,Mary Adams,javierthompson@example.org,GOOG,Google
4WFLMT1M0ZD0JAA5T,Michael Perkins,mjackson@example.net,GOOG,Google
FXNSYVWG12RU8EU2T,Richard Bond,xwhite@example.net,GOOG,Google
NU788BSS56K7E7UKH,Alex Johnson,jonesdaniel@example.org,GOOG,Google
NDKDFUDT3XLHJU6J9,James Myers,iclark@example.org,GOOG,Google
3JT2ACJF55W2XD6Y3,Holly Mccormick,katherine63@example.org,GOOG,Google
P3FETXNC53KA9DP8G,Michael Molina,mitchelljacob@example.com,GOOG,Google
1GZFC7FY7MHSBX32J,Jeffrey Hernandez,ericlloyd@example.net,GOOG,Google
V56EG6MM41JXY5WDL,Deanna King,woodscollin@example.com,GOOG,Google
9C1PC6S75DW9ZZKUR,Douglas Park,timothy09@example.net,GOOG,Google
EPMJDFAP1RS5CSNT3,Lindsay Ramirez,dbell@example.net,GOOG,Google
A99FMYVF0YKT8V7M4,Curtis Jordan,robert58@example.com,GOOG,Google
CBNKWML66SUAZY13X,James Brown,thomas04@example.net,GOOG,Google
4GK5J8S63488DCUX6,Linda Buchanan,james32@example.com,GOOG,Google
XJJH42GHX0U8VHMM3,Melissa Mann,wheelertammie@example.com,GOOG,Google
PPKS8LZW8WFMAUTCG,Dylan Owens,beverlyvaughn@example.org,GOOG,Google
GS35RHTD638BU468U,Maria Hall,thomasshari@example.org,GOOG,Google
W7SNZPJ50AY088TZM,Dr. James Neal II,emartin@example.net,GOOG,Google
2XSG7WK57106CLE5C,Molly Bullock,cantrellcharles@example.org,GOOG,Google
WWVCFYFP62G1MDP48,Victor Walsh,austin00@example.org,GOOG,Google
HUW4BHRF69E7UCXS0,Sean Choi,ibennett@example.net,GOOG,Google
0F973AJA9BLG34V6P,Matthew Richardson,andrewvargas@example.org,GOOG,Google
EMN954MA5X35Z0KRD,Beth Hudson,naguilar@example.com,GOOG,Google
XSJVMPXA67VJU3YHJ,Eric Black,juliehodges@example.com,GOOG,Google
N8CKKB6C1CMR7RPLB,Patricia Sanchez,craigadams@example.com,GOOG,Google
5406EYPE3DVEEKAMK,Carl Avila,nicholsjennifer@example.net,GOOG,Google
RTV89U24XGXXU8XU0,James Gomez,qmorrow@example.com,GOOG,Google
GK7MJ6931ABLWCKUW,Sean Copeland,greenwilliam@example.com,GOOG,Google
0GNVMPUZ2CKV76NUE,Joseph Hart,evelyn03@example.com,AAPL,Apple
GMZ2CV7G4CXVZGPYX,Kathy Smith,hernandezdavid@example.net,AAPL,Apple
MDKZ56TW1YSN9N9ZN,Angela Palmer,travisandrews@example.org,AAPL,Apple
MFGR5SND5CJ66NSRJ,Ryan Alvarado,kfox@example.org,AAPL,Apple
Y19BD32Z9DWSWF3RG,Teresa Medina,hortonsonya@example.com,AAPL,Apple
50A0ZD0N21T4VFZ1C,Donald Johnson,pjackson@example.org,AAPL,Apple
RVGL64MR4U34CP5V7,Dr. Jeremy Pope,reedjenna@example.com,AAPL,Apple
J2BGAUU67XRHYWBT4,James Clark,iherring@example.com,AAPL,Apple
WL8AFBJ368GC1S7VV,Betty Davis,stoutronald@example.net,AAPL,Apple
172NSZXP28VZCXCFB,Mrs. Kelli Hernandez,careyamber@example.com,AAPL,Apple
DB2NXPUS1MH80UTYP,Sarah Johnston,heather27@example.org,AAPL,Apple
6XK5M4WC1UPTRP3EU,Joseph Underwood,dylanmartin@example.org,AAPL,Apple
GL5ANEWR05A959F58,Joseph Villarreal,matthew45@example.com,AAPL,Apple
24P4ZDHT2NWHH1NDD,Valerie Chandler,tharris@example.org,AAPL,Apple
X2T8170G2JC4E95YT,Brittany Baker,lisaburton@example.org,AAPL,Apple
XYB0RG5G24YSEBBU9,Austin Horn,ubond@example.net,AAPL,Apple
EHXA0YES7P9SMBRYZ,Emily Lawson,max29@example.org,AAPL,Apple
ZXXWR32X597C87XHH,Krista Fuentes,matthewsvictoria@example.net,AAPL,Apple
UJNRJ81W01HES63WF,Kayla Dickerson,hector69@example.org,AAPL,Apple
JDBF841L28FFBRVBE,Jessica Myers,tammykerr@example.org,AAPL,Apple
V8T7H7YP8PBXYM0LN,Janet Williams,patelbrandy@example.net,AAPL,Apple
JU181CTSXMXJ0PE5C,Jonathan Durham,williamsdiane@example.org,AAPL,Apple
0HKT3UJB7RUN3DXSN,Kaitlyn Peterson,cobbsteven@example.com,AAPL,Apple
NDKPUCFPXH9TZFU43,Taylor Dillon,ann46@example.org,AAPL,Apple
VWUPE4XZ6K8VRVFP8,Stephen Friedman,debrakelley@example.com,AAPL,Apple
YPS6CSK78P5K0BFGR,Ricardo Daniel,matthew98@example.com,AAPL,Apple
5WAHYRU679KNUVZKA,Richard Ruiz,awarren@example.net,AAPL,Apple
RM0PLYW355ZWUJY2T,Brandon Ashley,michael72@example.net,AAPL,Apple
4YGRN37E422WXZ69T,Sara Brooks,mbeltran@example.net,AAPL,Apple
4NGUWMVJ4A2KNZAJL,Franklin Williams,jonathanjones@example.org,AAPL,Apple
0430FPDU66F7U7JK5,Andrea Blair,asnyder@example.org,AAPL,Apple
0X3J8DZH7ZMYVVFVG,Kathy Allen,amber52@example.net,AAPL,Apple
SUUUZH3E1FBFLF3CF,Laura Hernandez DDS,brendamelton@example.com,AAPL,Apple
W2NY60VF7WZYTST5T,Hayley Shaw,schneidersamantha@example.net,AAPL,Apple
V73G1Z7UX39116131,Amanda Huffman,ecastillo@example.net,AAPL,Apple
7X7B6SA13GYR0ZP07,Eddie Rodgers,gmurphy@example.net,AAPL,Apple
8XDYHY3J553P23LXZ,Brandi Leonard,berryrebecca@example.net,AAPL,Apple
1VVS1JK6585H1TW3G,Larry Ritter,heatherfuller@example.net,AAPL,Apple
Z1WHGS0N2DA0J2S5E,Bonnie Huffman,nicole39@example.net,AAPL,Apple
ZN7BW8TZ2WD6W5RF3,Shannon Cunningham,banksscott@example.com,AAPL,Apple
7ZFEZG256JLPRXXUE,Nicole Jones MD,erin79@example.org,AAPL,Apple
N3G3N4N74L2BN94W2,Kristin Wood,christineconley@example.net,AAPL,Apple
LY6A9Y6B71WKJN1MT,Brian Thomas,tylercombs@example.org,AAPL,Apple
X0FH0MT039AYX2GLS,Rachel Alexander,usimpson@example.org,AAPL,Apple
G5LJ0DFP1CNNCH9FM,Mary Romero,ckelly@example.org,MSFT,Microsoft
CM95FV6K3CB66L47J,Ashley Mcguire,jasonaguirre@example.net,MSFT,Microsoft
HS0ZNGC53XARPJ8AR,Brenda Melton,clarkeric@example.net,MSFT,Microsoft
E5SY9PK426B09RB8J,Amanda Howard,pwilliams@example.org,MSFT,Microsoft
N08ZJSCV8SG0GRSBU,Tara Martinez,wendy83@example.net,MSFT,Microsoft
15KK0MN85P7MJ75XY,Sarah Grant,kennethberry@example.org,MSFT,Microsoft
BKP1BU623URD02D4U,Katherine Herman,emily86@example.com,MSFT,Microsoft
FLSK6SLL1UZZVSRA6,Matthew Beltran,mwallace@example.net,MSFT,Microsoft
430LUKW08YYKMMF9J,Kathryn Bailey,marystuart@example.org,MSFT,Microsoft
B8NWKEUT7UT77WH8L,Yolanda Davis,annefox@example.com,MSFT,Microsoft
YRD15R4X6XHNX56AD,Stephanie Phillips,davidrogers@example.net,MSFT,Microsoft
B3JEPM9P833ATV4SM,David Green,mmiller@example.com,MSFT,Microsoft
T35CVRJW2AVBRECFY,Alexander Bell IV,matthewsmegan@example.com,MSFT,Microsoft
FV91NXKL04W4LLZJT,Melvin Lucas,heatherbaker@example.net,MSFT,Microsoft
6FGUGP8971WA3N8Y5,Kathryn Galvan,nicholasvilla@example.org,MSFT,Microsoft
64RPT11E1WXZB0RW7,Mark Gordon,sarahchristian@example.com,MSFT,Microsoft
2M5TSKYF8EXLY6TK9,Anthony Williams,shernandez@example.org,MSFT,Microsoft
PVE945PS7AXTWR19Z,Phillip Rodriguez,kmorton@example.org,MSFT,Microsoft
F7YA4MK49FMKYN134,Courtney Lara,reedjennifer@example.net,MSFT,Microsoft
1HFNK8NH3NBGSRR9E,Gabriel Patrick,smoore@example.net,MSFT,Microsoft
9YLJSHTU1J6MVP3AX,Jennifer Lambert,denisedouglas@example.net,MSFT,Microsoft
RD7853KU9PCZJNMKA,Kristie Cordova,josephhernandez@example.org,MSFT,Microsoft
YWYCC0EG02R7S14EX,Danielle Rodriguez,kgriffin@example.org,MSFT,Microsoft
MRFU6TG83AR53EGZL,Carl Wheeler,kingreginald@example.net,MSFT,Microsoft
TY9UGAX3XTRTW92KC,James Green,amanda52@example.org,MSFT,Microsoft
10DDZUS87RC88VNU4,Isaac Cooper,scott26@example.org,MSFT,Microsoft
S1Z9X1165WCCYA1LE,Paul Peterson,hdavis@example.net,MSFT,Microsoft
KTC2DCG593DTFVHV4,Brenda Smith,hrobertson@example.org,MSFT,Microsoft
KD8SMM6Y5AK06TPUU,Jamie Gray,schwartzjennifer@example.net,MSFT,Microsoft
UADGVRF95T9BX794K,Alison Harris,ufoster@example.org,MSFT,Microsoft
C2Z1FZ2R4MU88HHXG,Brianna Santiago,fpope@example.com,MSFT,Microsoft
YLH2A6FB0U52C75TH,Jerry Lee,ellisadam@example.org,MSFT,Microsoft
4F4B87ER44R8LM5E6,Lindsay Briggs,raysteven@example.com,MSFT,Microsoft
ME0VRBTS2J6V89ST7,Jennifer Frye,cummingsjennifer@example.com,MSFT,Microsoft
V4DLDDVL3D9YEUAFN,Shelly Willis,alejandraroman@example.com,MSFT,Microsoft
X1FSR50M5M6BXCSP3,Joseph Schneider,chris42@example.com,MSFT,Microsoft
GDVMF4YW3ZT19DMV1,Stacy Chandler,bobbyrivera@example.com,MSFT,Microsoft
WDX11A0V1H490B9UP,George Sandoval,kelseyrobinson@example.org,MSFT,Microsoft
D9K8ER2R5E833KK63,Samantha Wilson,katherinedavis@example.net,MSFT,Microsoft
51KAGSXT4L2C7PP54,Jermaine Choi,ian07@example.com,MSFT,Microsoft
3YN09FPL5HGFHMPRE,Sarah Spencer,sara51@example.com,MSFT,Microsoft
CPURBC8V2J3UZ7D0R,Joe Rogers,bgomez@example.net,MSFT,Microsoft
AEM9SBE41A89RLJ71,Ronald Avila,clarkejohn@example.org,MSFT,Microsoft
UWFL6Y1SXC1RLVCP2,Jonathan Baldwin,epitts@example.com,MSFT,Microsoft
VFLG6ZV4X0GN358GY,Caitlin Wright,darinmcclure@example.org,MSFT,Microsoft
6DV4XR9K7RZ1ZS3YW,Timothy Estes,sarahburnett@example.net,AMZN,Amazon
ZA8FV3U5XAX45JRPN,Susan Byrd,cynthia12@example.net,AMZN,Amazon
N2T7VUCL6D5D8YJ1C,Tammy Martin,jasonhernandez@example.org,AMZN,Amazon
ZB0JU99Y8YBZ2UC05,James Clark,scott47@example.org,AMZN,Amazon
VAPASHA38BCDHN5K0,Matthew Landry,rebeccapeters@example.org,AMZN,Amazon
C962ZCSN8C0ELGWBY,Dillon Marquez,rogerskristine@example.com,AMZN,Amazon
TW8DNLST59XB2NJKL,John Davis,stephen70@example.org,AMZN,Amazon
BZH0DYAA250DJ56DJ,Richard Hawkins,luis81@example.org,AMZN,Amazon
0XZ59HYX6AC02CJAT,Kevin Harris,kristinnguyen@example.com,AMZN,Amazon
N24XHVD01SCCVE0HN,Kyle Simmons,nkim@example.net,AMZN,Amazon
7E5ADKNG8NHB9J8GZ,Mrs. Sandy Lee MD,catherine34@example.org,AMZN,Amazon
ZNNUM53H9Y9GWSLY5,Kathleen Valdez,bradleyedwards@example.org,AMZN,Amazon
DBT8A4W29LX6DMCGR,Renee Potter,maria30@example.org,AMZN,Amazon
W61XV5CM0S6Y4GHAF,Brian Patrick,igutierrez@example.org,AMZN,Amazon
HJ9LYRCN3WZXW2HS3,Alice Walters,flynnkristin@example.net,AMZN,Amazon
3NADAW3J19A1SFE65,George Bailey,epierce@example.com,AMZN,Amazon
P5RKCDGR47PKD6R4P,Catherine Wilson,rjones@example.org,AMZN,Amazon
NCLU7ZWS4NX6RLD9P,Michael Martinez,roypatterson@example.net,AMZN,Amazon
C678UM3R3C7SDZT4G,Travis Ruiz,steinlisa@example.org,AMZN,Amazon
BMUDG43U3ZHB42YCJ,Tiffany Garcia,samanthagreen@example.org,AMZN,Amazon
A792867LXTB3EYXJ2,Pamela White,ortegacrystal@example.org,AMZN,Amazon
81T0TT3GXNX3GDB51,Rachel Caldwell,albertphelps@example.org,AMZN,Amazon
FB26SLB71FDMYP0LZ,Jacqueline Smith DDS,melanie67@example.org,AMZN,Amazon
C7NK97JE433WFPWW8,Amanda Ortiz,darin65@example.org,AMZN,Amazon
16B29Y54XB0DB4J6G,Johnny Owens,alivingston@example.com,AMZN,Amazon
00X50JLH89YPSXUS9,Jennifer Clark,dhopkins@example.net,AMZN,Amazon
1KCKZ5BM2C77XAE8M,Sharon Villanueva,mitchell56@example.com,AMZN,Amazon
GLGJ364R4PYG393U3,Cory Berry,davidruiz@example.net,AMZN,Amazon
FM4CD5PK3U2CDGTVY,Christopher Harris,mark77@example.org,AMZN,Amazon
57VS0P2A3GFL28VKX,Patrick Ashley,gibsontara@example.com,AMZN,Amazon
63P6CGAB4UC1L8M5K,Ralph Villanueva,ygould@example.net,AMZN,Amazon
TV2MMTG18WPGLPAUX,Danielle Hayden,pateljames@example.net,AMZN,Amazon
LEB8Z5XJ1M5N09Z0U,Jeffrey Brown,epittman@example.com,AMZN,Amazon
U6TJ7ZR64KU1ZK79Y,Brooke Coleman,vquinn@example.net,AMZN,Amazon
2LTMVP7G5PE4GR1HE,Nicholas Bush,rileystacey@example.org,AMZN,Amazon
JZY159FZ74HUH587M,Sheila Richard,cynthia34@example.net,AMZN,Amazon
LDA7R54F3MDU462BF,Jennifer Sullivan,peggycampos@example.org,AMZN,Amazon
FJ1MTRS84YJD06RB8,Jamie Chavez,stephanie94@example.org,FB,Facebook
FM58U1XH1Y5NJGA7J,Clinton Miller,jenniferzamora@example.org,FB,Facebook
5SGDJA7096N1UB538,Brian Morris,jennifer80@example.com,FB,Facebook
C7H7UW5X1YVJ15LMD,Sarah Garcia,dan35@example.com,FB,Facebook
A7Z557BD3GBDWTXBD,Chelsea Arellano,znewman@example.net,FB,Facebook
3J5B4N617GGNEYJX4,Amanda Schultz,asimpson@example.com,FB,Facebook
G567CAFX1N009CB2V,Kara Nixon,brandonsmith@example.com,FB,Facebook
B4ATM8G2XLT0FCAP4,Brandi Reed,beverlytran@example.org,FB,Facebook
488YT72865W1R74T8,Tyler Collins,kevans@example.org,FB,Facebook
638KHYAC6CAJMERSV,Jessica Paul,istafford@example.org,FB,Facebook
H6RCPCWG69KFBNBC7,Kimberly Black,hernandezlinda@example.org,FB,Facebook
09TGXRN77K2BPME6K,Mary Dixon,snowmatthew@example.net,FB,Facebook
2KLUBCJK1DZK956KB,Heather Thornton,walldonna@example.net,FB,Facebook
WBM2XUZY78TX04T6R,Wesley Trevino,gbecker@example.net,FB,Facebook
390JX5S5698MAAWYP,James Cole,ngarcia@example.com,FB,Facebook
WXD2Y8A94U973LZ0Y,Kelsey Martin,simonmark@example.net,FB,Facebook
MAJXFMCU970LGSS6K,Emily Peterson,trannicholas@example.net,FB,Facebook
9D88MKE56B5BA14LJ,Kevin Barber,christinawells@example.org,FB,Facebook
2LU4MYLY3H1NC4J0A,Annette Doyle,teresa31@example.com,FB,Facebook
G03MKK3H5FWMC9P8T,Edward Reynolds,patriciaramirez@example.net,FB,Facebook
WNT0CVAB8TYYAV5KT,Jorge Sellers,mary08@example.org,FB,Facebook
VW9341Z8124PUSYR7,Pamela Bradford,atorres@example.org,FB,Facebook
F99KUE8W8JW16W0K4,Jonathan Moore,jocelynbell@example.net,FB,Facebook
ZM9ZNCX59LB406RWA,Jacob Young,westkelli@example.org,FB,Facebook
9TUX12PH1F7GVULVB,Cheryl Mcmahon,scotttaylor@example.net,FB,Facebook
4GW3EFC27LTSLKD8M,Curtis Nelson,lisagillespie@example.net,FB,Facebook
K4KSA4885BDJ2UV4X,Corey Morgan,ashleyshaw@example.net,FB,Facebook
L7F6UB902ZBPP065X,Peter Morris,jennacarrillo@example.net,FB,Facebook
42GPPYZF1E9G1SWF4,Tara Le,elizabethjennings@example.org,FB,Facebook
EG775VZE62DDPAJMG,Angela Maxwell,paula74@example.net,FB,Facebook
18MMVN1H4E1Z0E96J,Michael Campbell,joel38@example.net,FB,Facebook
AP35MTZT7TB8BAVW5,Terry Ellis,kellyscott@example.com,FB,Facebook
VTZU89UX0F9ZPXGWV,Hannah Anderson,vcarpenter@example.org,FB,Facebook
K2CNJB8R8JKJE6FWK,Brian Smith,rkirk@example.com,FB,Facebook
Y5YEV17N6FHEM8VMS,Michael Duran,kevinsmith@example.com,FB,Facebook
01KB15WH1X1HZHWLX,Eric Bennett,william03@example.com,FB,Facebook
TEGUPMVD2KGTUKUSG,Jordan Cunningham,joshua37@example.com,FB,Facebook
U09TH6545LFHL1CR9,Jessica Smith,farmerjose@example.net,FB,Facebook
0E14WWBV50H2NAVHE,Ryan Frost,jrussell@example.com,FB,Facebook
693KKWBY7MD467Y84,David Johnson,jamesyoung@example.org,FB,Facebook
V08DPX63XDL8UZBX2,Kari Davidson,qbaird@example.com,FB,Facebook
UNHHPGW21HWJCB1FL,Jeffrey Gill,burnettdavid@example.com,FB,Facebook
E80N5G4P6PCY9GGBT,Vanessa Watson,jellis@example.net,INSTA,Instagram
ZGYWG9BL3T0V5Z1UA,Michael Harrison,adamslauren@example.net,INSTA,Instagram
V0PCZMZT28AALLBF2,Kimberly Reyes,pwebb@example.com,INSTA,Instagram
2XPDK1583JMR18UAJ,Alexandria Thomas,robertsjoanna@example.com,INSTA,Instagram
0UFJUCTW0HJVP9MJB,Joseph Cowan,johnsonmark@example.com,INSTA,Instagram
C7K7H1S35ZK8SLM8P,Daniel Nguyen,deanna42@example.net,INSTA,Instagram
5WNC03745JPL0YMBD,Troy Delgado,annette70@example.com,INSTA,Instagram
66LVB1EU56FGRLT1H,Amanda Garcia,johnsonbradley@example.org,INSTA,Instagram
ZY90ZNXG1XB62L89Y,Victoria Gonzalez,esmith@example.org,INSTA,Instagram
113D64GC7BUYRA58T,Joshua Stanton,rosemikayla@example.net,INSTA,Instagram
8N04BVYW4S5C5PXSS,Jessica Rogers,jonathan49@example.net,INSTA,Instagram
76T79WA00EF1P6UYN,Kathy Baird,james97@example.org,INSTA,Instagram
U8TAYRS299CY5YWZ3,Jennifer Anderson,patrickthomas@example.com,INSTA,Instagram
JUVCKAK87LJ5C8899,Matthew Briggs,micheal65@example.com,INSTA,Instagram
S23AT1V72ZHH01U5J,Carrie Patel,sara88@example.com,INSTA,Instagram
Z2RSC3RF4PBZZ61WA,Lynn Hartman,ssmith@example.com,INSTA,Instagram
6BXMGBAF2KMB9EXM3,Dr. Francisco Hansen III,rlopez@example.net,INSTA,Instagram
9ES3TK921PLE7J12T,Susan Parsons,smithsylvia@example.com,INSTA,Instagram
EKCMGZLR3DEN2E4EE,Ryan Lucas,bradyharris@example.net,INSTA,Instagram
88APSJ3Y7WMATTLPD,James Russell,leedavis@example.org,INSTA,Instagram
2JLGRY2M7B03N3MFT,Matthew Johnston,aclark@example.com,INSTA,Instagram
MG1AD2V16UVX8509N,Dennis Ross,sullivanjeffery@example.com,INSTA,Instagram
GTNRL0MA3NWW0441E,Jacob Neal,matthew88@example.com,INSTA,Instagram
WM93U1M47VYAUKWPR,Heather Sutton,shannonsandra@example.com,INSTA,Instagram
LCPV87BE7BV100Z8S,Scott Johnson,michaelward@example.org,INSTA,Instagram
97A51EH65TRK7XHF1,Brent Mills,rmartinez@example.com,INSTA,Instagram
82G6KNH488N53WEG8,Kyle Guerrero,benjamin35@example.net,INSTA,Instagram
EBTUH4V38ARVTKM0A,Daniel Johnson,whitekenneth@example.org,INSTA,Instagram
P3XXB1BB6FMBHVE75,Kevin Vasquez,melissaodom@example.org,INSTA,Instagram
CE4UJL2X36G91SK3G,Tracy Price,moralestodd@example.com,INSTA,Instagram
1XL7DZUS1YGNGU533,James Anderson,robinsondouglas@example.com,INSTA,Instagram
9P004SVS4DZUA842F,Alan Garcia,hernandezkevin@example.org,INSTA,Instagram
GVTG8V7Z5SB79FKRX,Christopher Scott,brianna43@example.com,INSTA,Instagram
TBK9VB5726CRAGFRM,Andrew Tapia,smithevelyn@example.com,INSTA,Instagram
LEY7EEZH3NJGVMG6G,Kevin Nguyen,catherineskinner@example.org,INSTA,Instagram
PSG951G9624VTXH0X,Randy Davis,cynthiadonaldson@example.org,INSTA,Instagram
E5MA5APU411MZLMG1,Cindy Coleman,sydneyvilla@example.com,INSTA,Instagram
V84K0NUD8WGH9BGJY,Joseph Johnson,dmiller@example.com,INSTA,Instagram
ULWFJL9UX60FX0MKF,Stephen Peters,darrellewing@example.net,INSTA,Instagram
67009LN59ENMWH0C8,Dr. Ryan Davis,dlozano@example.net,INSTA,Instagram
Z671Z7BC4PDUE2VPV,James Cisneros,ronnieshaw@example.net,INSTA,Instagram
RCST58CD4T3P5LVB4,Melanie Scott,christopherdelacruz@example.org,INSTA,Instagram
9L0U75EC0ZHSXGMEV,Mark Jones,victoria27@example.net,INSTA,Instagram
LT8CA85G0WCPAK7BP,Kevin Hall,griffinrobert@example.com,AIRBNB,Airbnb
PAJ59TY54JHK936DP,Matthew Johnson,farmerronald@example.org,AIRBNB,Airbnb
V8313F0B69UFFNKNY,Jonathan Anderson,carlosdavis@example.com,AIRBNB,Airbnb
PSEH08V5XXWZ1BUSG,Jennifer Martin,michelle40@example.com,AIRBNB,Airbnb
EY4KMU024VL5BKXXP,Fred Hull,nathanandrews@example.org,AIRBNB,Airbnb
EV14EFUV8UN4EG5XU,Michael Jones,lovehenry@example.com,AIRBNB,Airbnb
42ZY2WYN8RT5UNXV3,Harold Lopez,ericpearson@example.com,AIRBNB,Airbnb
8PVX099J1D2UAPX78,Jason Smith,jeffery59@example.net,AIRBNB,Airbnb
5L9WXVSW6H66A84BD,Amanda Ortiz,batesgary@example.com,AIRBNB,Airbnb
J1JR38RR0JEGHR2KX,Jasmine Reynolds,wclay@example.com,AIRBNB,Airbnb
KVD8D3MU753U5DJDM,William Miller,tanner09@example.org,AIRBNB,Airbnb
88P51XX2XR0NXBTS9,Marcus Martin,sadams@example.com,AIRBNB,Airbnb
EZGEB7ZX9PK18E0S4,James Davidson,reidjoseph@example.com,AIRBNB,Airbnb
KAVB080323S76TYYH,Michael Caldwell,joseph11@example.com,AIRBNB,Airbnb
Z2T9J3DM5R8NS0ZUL,Rhonda Williams,lopezcarrie@example.net,AIRBNB,Airbnb
RT49JWYM4BE0K1APH,Cathy Hernandez,kara01@example.com,AIRBNB,Airbnb
NLC112GX09YSZWFHS,Mark Rodriguez,jillwilliams@example.com,AIRBNB,Airbnb
LYDGJGDW8WER8TJSD,Laura Short,biancawu@example.com,AIRBNB,Airbnb
3E7KYYFB641PL1EG1,Raymond Larson,javier02@example.org,AIRBNB,Airbnb
CSXXCK498TPTAJMZ2,Amy Kim,evan50@example.org,AIRBNB,Airbnb
M0FPKF0G7R5WZBJ17,David Schultz,donnaproctor@example.com,AIRBNB,Airbnb
XJUBUFTH41GEVBTX5,Jonathan Patterson,qmoss@example.net,AIRBNB,Airbnb
AUAV0BEA68MFAVMGZ,Randy Fox,maysamy@example.net,AIRBNB,Airbnb
X3G6MMRC3L7FD5VJV,Mr. Jonathan Lopez II,kjohnston@example.net,AIRBNB,Airbnb
2J9P9UNR9EF1ZC2PJ,Charles Swanson,vcoleman@example.org,AIRBNB,Airbnb
FHFCKG6U06UA5JTF1,Connie Hamilton,millerpamela@example.com,AIRBNB,Airbnb
9TETWV4E7FYNDE9KW,William Guerrero,elizabeth35@example.org,AIRBNB,Airbnb
URXVR0VK70GUTL6P1,Laura Graham,susanbullock@example.net,AIRBNB,Airbnb
35WJHT7568YMU12K6,Donna Cook,cgoodwin@example.com,AIRBNB,Airbnb
6J80K5CD6TUEWH0KE,Samuel Rich,angelapearson@example.org,AIRBNB,Airbnb
CV3KB5AM9W38SJPTV,Barbara Bender,hillfelicia@example.net,AIRBNB,Airbnb
EESZHSY14E65EPZNB,Aaron Young,barnessue@example.net,AIRBNB,Airbnb
WVJ030LL29YZMZE8T,Terri Cox,aschultz@example.org,AIRBNB,Airbnb
M610SX5T40CKJDN1E,Rodney Lyons,graytiffany@example.net,AIRBNB,Airbnb
BZS97GLB4CLKAJF54,Amy Mata PhD,ybrady@example.org,AIRBNB,Airbnb
EA6HTPBE2AVCF993G,Jasmine Mendoza,zwhite@example.org,AIRBNB,Airbnb
7XWBB61Z3W7C8LCX1,Nathan Lowe,opaul@example.org,AIRBNB,Airbnb
7NKJJF5S62970WRWU,Theresa Graves MD,hickmanadam@example.org,AIRBNB,Airbnb
ZM8WRHMW47W09JXYK,Kristen Burns,christopherrogers@example.org,AIRBNB,Airbnb
WSU2TAMX7V03FD35V,Susan Strickland,grahamclinton@example.net,AIRBNB,Airbnb
58HVDGWT7W7M52XMG,Leah Davis,todd22@example.org,AIRBNB,Airbnb
R7B81ZSN1PYJ9V623,Kevin Deleon,yconway@example.org,AIRBNB,Airbnb
RS2V27RR73MLJDNZW,Judith Benton,robbinschristopher@example.org,UBER,Uber
U1H6J2770N3JCV6AL,Richard Morrison,kgeorge@example.com,UBER,Uber
RWN4YZPJ3VNMUVVDJ,Joshua Wilson,carolriggs@example.org,UBER,Uber
TDBPRSW59FKTHRHB1,Brandon Hurley,ypeterson@example.org,UBER,Uber
PXGKH1UR0VT42YAYL,Sheryl Moran,willisjustin@example.com,UBER,Uber
42U3H8ZB3H6Y635XZ,Robert Kim,melissa71@example.net,UBER,Uber
NUB9BUX189WH3JTMG,Richard Tran,dbrennan@example.com,UBER,Uber
XENNWXK6XATU0LTHL,Anna Brown,eparker@example.com,UBER,Uber
WE4PPYWU82S7UD3WW,Jonathan Horton,tlee@example.com,UBER,Uber
98AC99U91YLRN6YVD,Christopher Chen,michaelcannon@example.com,UBER,Uber
6VNT0WV079GR5AGF5,Joyce Davis,xcollins@example.net,UBER,Uber
E4K3PAMV3MHSD35L0,Rachel Reilly,kevinclayton@example.org,UBER,Uber
KARLFSN42CFKJEKFG,Bianca Hernandez,vcardenas@example.org,UBER,Uber
LRT9TTP88Z0W6NF8L,Sharon Doyle,ssmith@example.com,UBER,Uber
DM9P7MU25GRYBGFLF,Eric Jackson,david64@example.net,UBER,Uber
DEEFDJJL238ZZT7LB,April Ellis,moorejennifer@example.org,UBER,Uber
E13ZJH325XTRGMHV0,Theodore Johnson,kimberlyconley@example.com,UBER,Uber
0EU5XH9A9KBZN00UP,Jeffrey Day,james28@example.org,UBER,Uber
D5SS443R53YSMCZ18,Jeffrey Cook,hlarsen@example.org,UBER,Uber
4KU0FL0D32CV8TZL8,Joel Frank,stonescott@example.com,UBER,Uber
AJ7SHU529C8U1F5N4,Caroline Gomez,tara43@example.net,UBER,Uber
1JXC37WS3Z49NV5FK,Sarah Scott,debra43@example.net,UBER,Uber
FVHSY4M10ZPZXPLDJ,Matthew Potts,micheal13@example.net,UBER,Uber
S8FYNTV018Y4HKL27,Jennifer Young MD,carriepreston@example.org,UBER,Uber
152T9V7C4DNVGR54Y,Alyssa Jackson,nelsonsandra@example.net,UBER,Uber
R33R906E67EEX8V0R,Robert Smith,shahpatricia@example.com,UBER,Uber
P98YLMJV8G97ET2U2,Shane Klein,wwyatt@example.com,UBER,Uber
YULAXG0YXGSVS8APB,Jon Fleming,carteralexander@example.net,UBER,Uber
L1W5LWEH2VHFP1TMM,Kyle Carroll,corey58@example.org,UBER,Uber
DXSCWG0M5UBLX4TRF,Katherine Burnett,nramos@example.org,UBER,Uber
2BFMHGC425NZ6L3H0,Jeffrey Duncan,romansydney@example.org,UBER,Uber
Z7VZN118X9WR257TB,Debra Matthews,lindsaysmith@example.org,UBER,Uber
K14VN8579JGZG3XXM,Christopher Mckinney,danielmercado@example.net,UBER,Uber
PXD7RTBN626N9E0TY,Dwayne Thompson,brittany39@example.org,UBER,Uber
FHXESGE09T9KFRKZN,James Phillips,clarkbobby@example.net,LYFT,Lyft
H3MU41P552ZSC5AN6,Christian Walsh,rlane@example.com,LYFT,Lyft
CEFM0JTU6M49PNC1G,Christopher Lane,estradakenneth@example.com,LYFT,Lyft
67J5A5CHX3JR46ZVX,Evan Lee,angela69@example.net,LYFT,Lyft
K1AC01WF1AVF3Y5YM,Katrina Ochoa,weberjonathan@example.com,LYFT,Lyft
D1VMLYX30VPR9RUMA,Ashley Wagner,daustin@example.org,LYFT,Lyft
753WTX0A94TUJJDDM,Jose Diaz,stevendavis@example.org,LYFT,Lyft
YSL8R02Z4U1BZ739G,Victoria Romero,braunteresa@example.com,LYFT,Lyft
W49237UZ6YRUBL4HA,Sarah Romero,yoderjennifer@example.org,LYFT,Lyft
36UNWLSR5BWMAWNE8,Amy Hahn,mwheeler@example.com,LYFT,Lyft
BDPCAGDT2TVLR5D1S,Felicia Elliott,ybutler@example.org,LYFT,Lyft
E8ABHSFN0PT6CR9J4,Lori Lowe,xmays@example.com,LYFT,Lyft
P2C1XJEE04D9DJ08C,Nathan Woods,andreareid@example.com,LYFT,Lyft
7N839FGF0VA450KXZ,Tracey Smith,robertrice@example.org,LYFT,Lyft
4JXP305D566864HBS,Matthew Bonilla,lindsey70@example.org,LYFT,Lyft
SLW8FCFTX2F6G8LBE,Harry Gardner,deanadam@example.net,LYFT,Lyft
S0G3HJ15XA2MLWHBM,Maxwell Garcia,nicole94@example.com,LYFT,Lyft
S0M6W8YL694UY02TE,Miguel Smith,joshua31@example.net,LYFT,Lyft
GCNFWRDV17EDPM1L0,Anthony Larson,burnsanthony@example.com,LYFT,Lyft
RWX1H3910968W97RN,Danielle Sharp,danaday@example.com,LYFT,Lyft
6TKC07EW46A6HUSPW,Andrea Medina,kanemaria@example.net,LYFT,Lyft
1Y9X2JKG3CJRYYJFM,Connor Moreno,soliver@example.com,LYFT,Lyft
6TMLXC9895XY7JE4P,Carol Olsen,fraymond@example.com,LYFT,Lyft
DMXPSUGE2MNK8M3S6,Kelly Sanders,juan71@example.org,LYFT,Lyft
ACBA732G4GJKL6UT4,Brian Arnold,ashleyclayton@example.net,LYFT,Lyft
WW7XPWVT9MWJ3VDFC,Tanya Hayes,annette72@example.org,LYFT,Lyft
TB5TAWDK09YF99ECP,Dennis Brown,juliereynolds@example.com,LYFT,Lyft
LX5ZHGW97DCGL7R8N,Mark Grant,cpatel@example.org,LYFT,Lyft
MRF21ZF0XCFEJGSRX,Matthew Morris,christinajohnston@example.net,LYFT,Lyft
VFLF9SEBXCA6LYP0U,Clayton Young,lopezemily@example.net,LYFT,Lyft
BH1F91YGX88R9KUG8,Jennifer Williams,apriloneal@example.com,LYFT,Lyft
EUSEC3V5951HF1VKE,Donald Todd,mnelson@example.net,LYFT,Lyft
MLJ6C7XK86YUJ6AW0,Christy Harrison,rmoon@example.org,LYFT,Lyft
VEUYEGSC961MJUWEP,Meghan Little,sarahbrooks@example.com,LYFT,Lyft
KJDL55S39WSHRZ2HT,Chad Clark,brittney11@example.com,LYFT,Lyft
4M2Z1Y5F6AT7PD9Z1,Martha Shaw,martinezjames@example.net,TWTR,Twitter
RSF6Y5VV81REAMGKJ,Steven Gilbert,jordanrandall@example.net,TWTR,Twitter
N72DP7G13UE3B13AV,Melissa Contreras,peggygarcia@example.com,TWTR,Twitter
1L56BXW039JEUYWPP,Mario Acosta,suttonsherry@example.org,TWTR,Twitter
F036ZJ4T509NYZTD2,Kayla Shah,fcopeland@example.org,TWTR,Twitter
ALS0S3X854CJZSD5E,Jennifer Hendricks,perezjennifer@example.org,TWTR,Twitter
EXGSL5FD8N616R5T9,John Berg,colemanseth@example.net,TWTR,Twitter
83F7RDP1XY2R0BSY9,James Hughes,jwerner@example.org,TWTR,Twitter
3LR8FMM34YCBCXH24,Jeff Ballard,christophermonroe@example.com,TWTR,Twitter
ZP1UKAVC7F5V2ZVET,Jennifer Hunt,rodriguezdylan@example.net,TWTR,Twitter
AFHDXH73766URKZ10,Anthony David,thomasbailey@example.net,TWTR,Twitter
53K8PT2T9EFMSSPP9,Holly Barnes,tfigueroa@example.net,TWTR,Twitter
FARVYPM76V9UTS1GY,Ashley Robbins,lsims@example.net,TWTR,Twitter
R9WE7M7806MCC0YJY,Katie Walters,jason79@example.net,TWTR,Twitter
2X2K0MCS0HRKH23FX,Cheryl Phelps,sweaver@example.net,TWTR,Twitter
HK4G2YGCXBE8KKUN2,Jeffery Carpenter,jvargas@example.com,TWTR,Twitter
Y1AH015S69WC2H1SR,Denise Dodson,jodiwallace@example.com,TWTR,Twitter
ZL53BNNP4454ANRJZ,Derek Webb,delgadothomas@example.net,TWTR,Twitter
KELSA6EJ93XVWWBUX,Vanessa Foster,michellemorris@example.com,TWTR,Twitter
4WBFD9RJ25AE7PC6H,Marcus Turner,jamespugh@example.com,TWTR,Twitter
3JBNEU1J0JEX37HSZ,Gordon Anderson,regina54@example.org,TWTR,Twitter
1U3AX11Y0S2WW7PXC,Sharon Thomas,jacquelinemartinez@example.org,TWTR,Twitter
68UXEU3C2R4Z7P2R0,Patricia Jones,gsaunders@example.com,TWTR,Twitter
SDNM2LMU0GEG31PLG,Alicia Mullins,gregory78@example.com,TWTR,Twitter
X63EG3E24AAX5MAH2,Kristine Doyle,ryanjenkins@example.com,TWTR,Twitter
4FYDMC6U0U340X32P,Crystal Gray,seanschaefer@example.net,TWTR,Twitter
FWZP27K54PE5YF29U,Cristina Farrell,leerebecca@example.org,TWTR,Twitter
WMMSL91J9DM0MF5SD,Charlotte Molina,benitezjim@example.net,TWTR,Twitter
5B3JSSZJ2BY5EDGU3,Amanda Sanchez,kayla47@example.com,TWTR,Twitter
MFVH5S2W7H76BU4ZW,Heather Decker MD,spearsdavid@example.com,TWTR,Twitter
WR08J3912MFHCL2XK,Jody Chapman,howardjake@example.com,TWTR,Twitter
T8FV4PGF11B4K79XN,Anthony Carter,jamesryan@example.net,TWTR,Twitter
A37MKJ2R5YJ5PK65V,Sandra Robinson,rebeccawade@example.org,TWTR,Twitter
PTNTA90Z979D21X6J,Anne Cain,bryantalex@example.org,TWTR,Twitter
2XFM85G49DR5C2NK4,Julie Jones,stacyrichmond@example.net,TWTR,Twitter
5Z2BF52D9YU6K14D3,Brent Boyer,erika45@example.com,TWTR,Twitter
496LNR752S0KXDWCX,Fred Lucero,holmesjason@example.com,TWTR,Twitter
NW6VGBE09UN3NNJY8,Cameron Morgan,zproctor@example.net,TWTR,Twitter
WVTDJDZV8PGAL4GM3,Scott Padilla,dstokes@example.com,TWTR,Twitter
BUZFVWUC3BG8S5ABZ,Michael Mayo,shortstacy@example.com,TWTR,Twitter
01KAM66R47LMVDF9J,Paula Henson,ashley89@example.org,TSLA,Tesla
ABS4KSH48J6D8P0U6,Danielle Ortiz,hbenjamin@example.org,TSLA,Tesla
BPZ3N1JN3U6EK2DXF,Sarah Rodriguez,emily65@example.org,TSLA,Tesla
39K4LV3Z7W3H721D7,Aaron Jimenez,yberg@example.com,TSLA,Tesla
MS3X8P260ZPEHR8WU,Renee Brown,brenda32@example.org,TSLA,Tesla
YNHEJ18706DZL9NZS,Nicole Armstrong,jessicapreston@example.net,TSLA,Tesla
8F4KJ9PM7CL8W711K,Brittany Lyons,jessicaacosta@example.net,TSLA,Tesla
2LUT8HUN899ULP75P,Matthew Thompson,nicole49@example.com,TSLA,Tesla
N9YXBAHVXN07C69PE,Matthew Aguilar,graycory@example.net,TSLA,Tesla
BHZSZJ9W1LYWJH0EY,Lisa Cortez MD,kelsey46@example.com,TSLA,Tesla
9098Z6ZM0HWRELP2E,Ryan Rodriguez,sandramorris@example.net,TSLA,Tesla
6A1Y6N5P6XAEKCE8Y,Amy Marshall,richardsondarrell@example.net,TSLA,Tesla
TNJ12J1S5FEKXWCX4,Whitney King,blakepeterson@example.net,TSLA,Tesla
1HJG6MFP6KT524W6L,Gavin Robinson,andrearodriguez@example.net,TSLA,Tesla
YUFSSBJ08N5TXEDAX,Brian Blake,gonzalezchristopher@example.com,TSLA,Tesla
XMKMGJ629VTTLTFSZ,Jacob Smith,leslieponce@example.net,TSLA,Tesla
5SYFJ56F6ENR37V46,Roy Palmer,omar85@example.com,TSLA,Tesla
K0G96MN25Z1HR7UL3,Crystal Mccoy,bfarley@example.org,TSLA,Tesla
JX7MWPKE5RFEFUBL6,Samuel Thomas,christianmontgomery@example.org,TSLA,Tesla
BGN013BH5GFJ4HTG8,Laura Rowland,cnelson@example.org,TSLA,Tesla
1Z37WKJPX9SMVT3V8,Alan Fox,piercejennifer@example.com,TSLA,Tesla
L2ACP82M8YPK8YLYH,Ryan Taylor,mcculloughbryan@example.com,TSLA,Tesla
U3FR7E6PXDJK9LKFY,Natalie George,kennedyemma@example.org,TSLA,Tesla
5P51BR8G0WGJGGKCL,Vanessa Moreno,bryanhamilton@example.net,TSLA,Tesla
FFGPURXG0K939YXCG,Melissa Gutierrez,janice25@example.org,TSLA,Tesla
NERGK87M35PRSJ37W,Travis Tucker,hamiltonconnie@example.org,TSLA,Tesla
V0FACSJR253ZF141S,Jeffrey Marsh,kharris@example.com,TSLA,Tesla
EH569RX41SKJ4RJET,Nicholas Gordon,michelle90@example.org,TSLA,Tesla
2BGSFJ5313V15T53W,James Rodriguez,xwilliams@example.org,TSLA,Tesla
EWPNJBV15HFJ90TSW,Claudia Jackson,cgraham@example.org,TSLA,Tesla
GXJZB7K29GMLBVXRN,Nathaniel Cook,bleonard@example.com,TSLA,Tesla
40B71CH17XH8E7HC9,Parker Ramirez,justinjacobs@example.org,TSLA,Tesla
NJSMF8R03ZU8V5NET,Gary Levy,james58@example.org,TSLA,Tesla
ESCRE0ES0H79TNUFY,Kelsey Taylor,joseph28@example.org,TSLA,Tesla
S0H0J1WN66YC3H3GC,Michael Ayala,rubentyler@example.org,TSLA,Tesla
ZE05WF5A5ZSTTC149,Heather Henderson,jmay@example.com,TSLA,Tesla
VW05SS2B51KDCBBKZ,Rodney Smith,tarnold@example.com,TSLA,Tesla
004TDBMW4E552AWG6,Michael Lee,linjonathan@example.com,TSLA,Tesla
GU5AD2JK2CZF21CKB,Mr. David Love,vcoleman@example.net,TSLA,Tesla
U0YE0KZH6UUS4XGZU,James Moore,hector60@example.org,TSLA,Tesla
H4T9X1801P71VT5H1,Thomas Smith,ericlopez@example.org,TSLA,Tesla
MEM6MNHMXSB619W0P,Kyle Lopez,karen43@example.org,TSLA,Tesla
81XRRS9PX8RY95M0N,Roger Williams,rbell@example.org,TSLA,Tesla
9CWBYM44XL03SR5DY,Jeanette Parker,debrahernandez@example.com,TSLA,Tesla
XMJFSDLF5BFA0352B,Dawn King,daniel99@example.org,TSLA,Tesla
NFSZUW439WB8YV5ZG,Jerry Leon,alexandra49@example.com,NFLX,Netflix
0EXZLL4F5B25F8MU3,Kevin Ford,brenda76@example.net,NFLX,Netflix
KPJT5SWK8M1EEMH45,Jacqueline Spencer,olsenbradley@example.com,NFLX,Netflix
XD1819ZG7JFNSWE1M,Rebecca Ingram,melissa14@example.org,NFLX,Netflix
FRFT6P10371RR3W74,Dennis Davis,mitchellewing@example.org,NFLX,Netflix
L68FL0TK120LHM1YG,Nicholas Pearson,hernandezjack@example.net,NFLX,Netflix
M4C9GM098DRD5V7YR,Karen Ward,cory46@example.com,NFLX,Netflix
4Z0APBNZ8M7148ZH1,Whitney Martinez,shirleymyers@example.org,NFLX,Netflix
4JP4E2JS9ZMEFKE2G,Stephen Robinson,michael95@example.com,NFLX,Netflix
D3BKR4DV3PCW2B29V,Tracy Chase,paulalexander@example.com,NFLX,Netflix
M9RHDRU37Z83D6H29,Rebecca Parker,oellis@example.net,NFLX,Netflix
K3HBK3MJ1WK77W4KN,Corey Hickman,manninglarry@example.org,NFLX,Netflix
C77WYT4K1AU4D5B9U,Jonathan Miller,brandongraham@example.net,NFLX,Netflix
UHZU5K250C45HH9LS,Daniel Smith,amandarobinson@example.org,NFLX,Netflix
HWPBM9D5XB1SPE2KB,Monique Rhodes,tomlopez@example.com,NFLX,Netflix
X2N09D6V756K2GZ6Z,Paige Taylor,jakerogers@example.com,NFLX,Netflix
HYUVAV7J9S3NS4LLM,William Moody,nallen@example.net,NFLX,Netflix
ES1E0HP40WBHR0ZTM,Garrett Carter,george79@example.org,NFLX,Netflix
URT1TND06DDT75KAH,Michael Thomas,bakermichael@example.org,NFLX,Netflix
8UN3L25E158W5RMUH,Taylor Taylor,sean60@example.net,NFLX,Netflix
P1NC9NEW1GARZEA1G,Joseph Farmer,mathiswilliam@example.com,NFLX,Netflix
B122TTZV7EXSSE09A,Cassandra Tucker,estradajames@example.org,NFLX,Netflix
RPEH3GHB469GF1SUP,Timothy Sherman,hsharp@example.org,NFLX,Netflix
5VGC1NL604NVHM4F5,Jonathan Bennett,stephensmith@example.com,NFLX,Netflix
UJGPC8K164TX967TC,Elizabeth Peters,parkermcintyre@example.net,NFLX,Netflix
22YJ4B9M7MVJXFGRU,James Kramer,rebecca45@example.net,NFLX,Netflix
51AXC1HBXT8KZZ9NW,Jessica Nelson,christopher34@example.net,NFLX,Netflix
TMJRU2WR24PDZECZN,Barbara Murphy,jamie75@example.org,NFLX,Netflix
0G2BKB853XN9FD4LF,Erica Ritter,jkline@example.net,NFLX,Netflix
YTKV1FKPX1WD0UHZ1,Daniel Collier,benjaminliu@example.net,NFLX,Netflix
7VW6WV3746MAUMHEN,Robert Zuniga,salazartammy@example.org,NFLX,Netflix
EFL1F36V194W2H9AC,Gail Savage,vjones@example.com,NFLX,Netflix
K3HJGYCA13ASFX0H9,Donald Carter,jane64@example.org,NFLX,Netflix
1GXFYJWZ3U9PPZHBY,Abigail Deleon,robertgonzalez@example.com,NFLX,Netflix
8FHVY4G50572MFCYP,Nathan Stone,wheelerjames@example.com,NFLX,Netflix
XJK6EW742D5PY3GAK,Shannon Colon,michaelmorgan@example.org,NFLX,Netflix
XU3E7BZ50WV2YGEG6,Donna Gomez,andrew77@example.com,NFLX,Netflix
49K7TS1BX0DV9LGR0,Tiffany Mcgrath,austinnelson@example.org,NFLX,Netflix
5GCRYSEV249P3XMB2,Jordan Kelly,kennedymarissa@example.net,NFLX,Netflix
SXAG5PTE6C4CVMYLT,Justin Davis,timothy14@example.com,NFLX,Netflix
C90J2Y62XEH2ZE0UP,Brittany Carroll,benjamin26@example.com,SPOT,Spotify
TM8HBB747SH7R186V,John Thompson,williamsdavid@example.com,SPOT,Spotify
4677C1MP98D7HD0X9,Kathy Webster,karavelez@example.com,SPOT,Spotify
ESKUZ7C86YX4NW6ET,Edward Carlson,millermichael@example.org,SPOT,Spotify
X8ARDK3GXP6PB3H5E,David Camacho,aaron07@example.org,SPOT,Spotify
ELH0G6R72HK8F57EC,Brittany Perez,ryanpham@example.com,SPOT,Spotify
581JJKGKXN9S3RBA3,Anna Montes,katherinealvarez@example.org,SPOT,Spotify
HTZMD472999EVAATG,Maria Mckay,vsmith@example.com,SPOT,Spotify
6P9MRZZ225THEU9A0,Joy Wood,mvazquez@example.com,SPOT,Spotify
TZTH9NRZ43YCZYKKD,Diana Mcpherson,lawrencebarry@example.net,SPOT,Spotify
07Y6V9Z6XSU79LN6G,Kevin Williams,egarcia@example.com,SPOT,Spotify
AXNEW1709VFD96SD8,Justin Olson,ruizdana@example.com,SPOT,Spotify
AJZ1RNS86R4AN2BXK,David Mitchell,johnsanchez@example.net,SPOT,Spotify
FW78KB3K9UUWDKYVA,Joel Gray,xzamora@example.org,SPOT,Spotify
FTVRU0G005XFV593F,Sheila Schultz,zachary52@example.com,SPOT,Spotify
T6ZFY20D81ARTJ8VB,Anthony Moore,christina55@example.com,SPOT,Spotify
LFNXBY4W2RLPM3EYR,Michael Palmer,marciastone@example.com,SPOT,Spotify
EGG3KW8Y91P308WSP,Jermaine Morris,xgonzalez@example.org,SPOT,Spotify
52BFC3KR8VHHLNU3K,Melissa Colon,julieknox@example.org,SPOT,Spotify
55AZDV2E575J3YF89,Daniel Hamilton,colemancathy@example.org,SPOT,Spotify
4SX27J8S5WCUS1L6L,Nancy Kemp,hclark@example.com,SPOT,Spotify
XCEWWJ4H6U3ZNFY5M,Amber Anderson,jessicabutler@example.com,SPOT,Spotify
7679DA4E9GW78PA3D,Heather Holland,jamie03@example.com,SPOT,Spotify
PWBLUU7G5X9G2V1EF,Jillian Morales,lucasmegan@example.com,SPOT,Spotify
95W7V9GD3996SYVP4,Jorge Dillon,burtonrebecca@example.org,SPOT,Spotify
CBWMP5TA95X8A4N0H,Betty Palmer,shortelizabeth@example.org,SPOT,Spotify
4CKFPJSM9FG8B59ZA,Javier Wise,oroberts@example.com,SPOT,Spotify
HJA35U6HXWBB1RAYY,Oscar Silva,lopezbreanna@example.com,SPOT,Spotify
2GTE8TGV5PD6JLV05,James Galloway,kayla14@example.com,SPOT,Spotify
4VMTLV26683J9H7W3,Timothy Gibbs,howellgregory@example.com,SPOT,Spotify
CCXK2ZPR3165ELYXT,Stephanie Sullivan,robinsonmichael@example.com,SPOT,Spotify
H5VMJT0L79CU0G6TV,Robert Bruce,pkirk@example.org,SPOT,Spotify
XF9YCGYG2JEGVUVMT,Jose Cox,vparrish@example.org,SPOT,Spotify
DDSSPSU79P5LE812R,Robert Jordan,johnsonjamie@example.com,SPOT,Spotify
55PBK9MM75UAHAM4L,John Jackson,nealmartin@example.com,SPOT,Spotify
P03EJU88XEHYX54X7,Sarah Ray,zachary61@example.com,SPOT,Spotify
RB1H1WCE1XYXZRM17,Leroy Turner,tferguson@example.net,SPOT,Spotify
US1CVY6L08E307N1M,Jose Rodriguez,april34@example.net,SPOT,Spotify
ZM4K77SF0K5DN4R3F,Cynthia King,nicholas66@example.net,SPOT,Spotify
8V4SFWK93CCMCFHRN,Paul Parker,hjones@example.net,SPOT,Spotify
V7X6K2GX4B2C6N7MR,David Kent,iwiggins@example.com,SNAP,Snapchat
0N7P880R65DM7MLKX,Melissa Williams,tara60@example.com,SNAP,Snapchat
W2NZKWJ262XK2JJ7N,Mallory Tate,zmitchell@example.org,SNAP,Snapchat
H5H8TPF12R00G9WC5,Grace Rogers,allenjoshua@example.com,SNAP,Snapchat
02VJKUK09NDZL74H0,Martin Padilla,gcarney@example.org,SNAP,Snapchat
E3LAATE39MEL0Y8U5,Caitlin Lopez,paynedanielle@example.net,SNAP,Snapchat
ZYZFYRTM43WJ7WNEK,Heidi Gordon,msalinas@example.net,SNAP,Snapchat
9LM85BK6X8FALCGR5,Matthew Edwards,cameron18@example.com,SNAP,Snapchat
7NXA1ZL27J3B38ME3,Timothy Rivers,amy63@example.net,SNAP,Snapchat
CEVKK8V23W4V5FR2K,Leonard Francis,romanlori@example.com,SNAP,Snapchat
V2AK1RZD9Y8K3PWFF,James Hamilton,amy03@example.org,SNAP,Snapchat
L6SCR73L44TSSGG19,Jose Orozco,laurabailey@example.com,SNAP,Snapchat
HBDXDSN29VGTRW91K,Alexis Eaton,gomezmaria@example.com,SNAP,Snapchat
LSR5JVTY4DVKDB6WF,Sarah Knapp,jason80@example.net,SNAP,Snapchat
4VWX4RM87A8L9WVRD,Garrett Smith,scott06@example.com,SNAP,Snapchat
Z1RH6L813WNYLNH0M,Jesus Lopez,lucasgriffin@example.net,SNAP,Snapchat
VWBG24V0XXUK9XYJP,Nicholas Davis,angela50@example.com,SNAP,Snapchat
10035F5E6F8WL8X29,John Pierce,taylordebbie@example.org,SNAP,Snapchat
EHJ73DE37EC2ZG1ZV,Nathan Dudley,martineztammy@example.org,SNAP,Snapchat
20658FVWX7167K1W0,Miranda Rodriguez,jamesbrady@example.org,SNAP,Snapchat
9V6GU41050LSBTLFN,Edward Ward Jr.,joanneburch@example.com,SNAP,Snapchat
YD85VBBN1L5NY7LSK,Logan Robbins,hunter03@example.org,SNAP,Snapchat
BTLJ9U4C6REEWBZW0,Larry Sanchez,andrew73@example.org,SNAP,Snapchat
E995GXWV6C4CB0VZ7,Judy Mcclure,turnerdouglas@example.org,SNAP,Snapchat
253H985P9JLMUBE4R,Melissa Reed,brentkim@example.net,SNAP,Snapchat
UVBT8ZZY57FNX2FVF,Charles Mclaughlin,cassidy30@example.org,SNAP,Snapchat
MLY51H1G3R4GBM3BY,Pamela Martinez,ebullock@example.net,SNAP,Snapchat
3TK5EYTYXPPF17G9P,Ryan Moore,jessicalarson@example.net,SNAP,Snapchat
9T59UM31323G6U2WP,Brandon Taylor,rbrown@example.net,SNAP,Snapchat
UL24ST153Y8HMVW01,Nathan Ruiz,barnesgeorge@example.com,SNAP,Snapchat
1VTHN2KA90DD4MJC2,Jonathan Garcia,barbereric@example.net,SNAP,Snapchat
ZSS4ETTS7PFS4B767,Donald Mason,pottsrenee@example.com,SNAP,Snapchat
U7D72BUF99M5G9FF8,Brenda Rodriguez,gthomas@example.net,SNAP,Snapchat
JF4UFSKTXBLTYYDUP,Patricia Miller,gallegosalyssa@example.com,SNAP,Snapchat
J93L315H4YFP1TS9V,Joyce Barrett,harrisjessica@example.com,SNAP,Snapchat
3059GV8N1LD7UP35T,Thomas Travis,wisejessica@example.net,SNAP,Snapchat
YGLSE6KC90903TY5Z,Donald Nicholson,williamsjeffrey@example.org,SNAP,Snapchat
49L3MMTS29JSC3SYB,Russell Roberts,zcain@example.net,SNAP,Snapchat
ZBZRVHDE2GU72XBRC,Fred Rocha,vsmith@example.org,SNAP,Snapchat
8GT9WZJB50LTPSB69,Jodi Cardenas,chavezrobert@example.com,SNAP,Snapchat
PKR3ETYN3YZAB73ZY,Peter Smith,mitchellrivera@example.org,SNAP,Snapchat
CJEXNCR344YG6DSG2,Richard Klein,angela10@example.net,SNAP,Snapchat
JYJ3TLYZ5J7DGPFEA,Susan Coleman,powelldeanna@example.net,SNAP,Snapchat
ACMD3F8K697KST116,Ruth Underwood,sarah16@example.org,SNAP,Snapchat
S2ASMFZ97R4ATNRPL,Chelsea Strong,adriancaldwell@example.org,SNAP,Snapchat
WXZ3YMKF3BTWYP4HC,Jeffery Gilmore,llane@example.com,PINS,Pinterest
NYR2W5SZ8LUG6X7E5,Maria Collins,hrobinson@example.net,PINS,Pinterest
F0HZMNLF2H8CH3S1T,Amy Oneal,kennedykrista@example.com,PINS,Pinterest
GZ2MU1KF7W2F3RDK8,Erin Walls,martindonna@example.org,PINS,Pinterest
YV11MHDRXVE92R7XX,Dr. Jessica Miller,brownjohn@example.org,PINS,Pinterest
HL08Y03H4R2MD41HS,Austin Webb,whitelinda@example.net,PINS,Pinterest
3F0E0BWG61K1U6HF5,Tiffany Schultz,gdavis@example.net,PINS,Pinterest
VG0G6N458EMDS06H9,Sean Schwartz,davidvasquez@example.org,PINS,Pinterest
DTVVY90B3D30628M9,Stephanie Rodriguez,kennethmercer@example.org,PINS,Pinterest
DXNLWSFJ5SJGJPESS,Sarah Murillo,adrianfloyd@example.org,PINS,Pinterest
M6CRLH6T2UKTKPF03,Stephanie Hayes,ofowler@example.com,PINS,Pinterest
4NGU654L3RMV8W1NP,Sarah Rose,westsusan@example.com,PINS,Pinterest
UN54BDWG49P52NF41,Todd Lee,cassidy64@example.com,PINS,Pinterest
XNHDDJF86U7WDUCL5,Kayla Barnett,georgebrandon@example.net,PINS,Pinterest
8S5NHZSG30W2NN2N2,Erica Vaughn,fjones@example.com,PINS,Pinterest
02GFK92X1P58X5PYW,Todd Foster,rodriguezkristina@example.com,PINS,Pinterest
GZBWVPTW26S6LCYC5,Michael Hansen,ucooper@example.net,PINS,Pinterest
6F5U7T600EEN4JLGX,Steven Beasley,matthew52@example.com,PINS,Pinterest
H55HVU3UXGLD298KS,Savannah Craig,estradapatrick@example.com,PINS,Pinterest
PB0CHS4V7X5M5GTXS,Samuel Reed,ajohnson@example.com,PINS,Pinterest
0BASF87C61CY3SZGR,Daniel Smith,ashleylewis@example.com,PINS,Pinterest
79AYB83N4LX5F1C61,John Cook,aliruth@example.net,PINS,Pinterest
M6C8WG9U15M7C9VYT,Jill Oliver,walkeredward@example.net,PINS,Pinterest
U1W32DFA0S0SA48HZ,Misty Freeman,lindsay20@example.com,PINS,Pinterest
MJKJYSLC0G76BVZBK,Heather Martinez,melissa80@example.com,PINS,Pinterest
6SXBUYVV6MBWJRX3C,Kayla Garcia,aliciajohnson@example.net,PINS,Pinterest
4ER3M5EL20CJVRS76,James Miranda,aaron50@example.com,PINS,Pinterest
A74R6BNM52N57XZFS,Jacob Holmes Jr.,jonathan71@example.org,PINS,Pinterest
7XS7Z09627957E3GY,George Rogers,annettethompson@example.com,PINS,Pinterest
SB4CHYT8X6X2A96XD,Michael Hernandez,lawsonmelissa@example.org,PINS,Pinterest
BZ4SCVYL8KL8AANYV,Brittany Hernandez,wwatson@example.com,PINS,Pinterest
Z388PW59169JVDT5G,Mary Middleton,charleswebb@example.com,PINS,Pinterest
500VZ44N7T5S0016D,Sarah Hall,bakersusan@example.net,PINS,Pinterest
D6EUG5133X8FB4RR1,Amy Salazar,erika92@example.org,PINS,Pinterest
ZLVBZPDF1GAGGH590,George Knapp,loganelizabeth@example.org,PINS,Pinterest
5YBL2PDD260MJTZLL,Patricia Gonzalez,hunter69@example.org,PINS,Pinterest
DLMPHVKR50XCH264E,Darryl Hudson,larsonrichard@example.net,PINS,Pinterest
N8W4KZMZX7A8LKL89,Shannon Craig,stephaniemerritt@example.org,ZM,Zoom
6RMF8BA88ZCUG9JGC,Megan Austin,eshort@example.org,ZM,Zoom
0386YHEU5MJJAKV9H,Gina Hurst,hvasquez@example.com,ZM,Zoom
BXFM8D3K733KE6CPN,Miguel Powell,brucelopez@example.org,ZM,Zoom
M3JC677U1H8VJSV4H,Alvin Alvarado,andersonandrea@example.com,ZM,Zoom
AVKG1CPLX643CBNXT,Steve Rogers,orozcoheather@example.org,ZM,Zoom
EDS44UL9XTBMSUVRE,Samuel Cochran,melvin59@example.com,ZM,Zoom
T8CWM3V8XY44S8KYJ,Christopher Tran,dylanhoffman@example.com,ZM,Zoom
CYAVMR3VXJB2FW8PH,Billy Barnes,christopherrivera@example.net,ZM,Zoom
NKT1TXE25K0812MSC,Hannah Johnson,mwoodward@example.com,ZM,Zoom
VZB9D9V98YH9J0XJ4,Valerie Moore,jonathan08@example.net,ZM,Zoom
KXHL82SY4SZPXJZVF,Zachary Beck,jamiethompson@example.org,ZM,Zoom
L5U6Y6UR83UX76WXT,Laura Newman,bhogan@example.net,ZM,Zoom
HS48NZ9X5SXKGRXPN,Cassandra Carr,andersongregory@example.net,ZM,Zoom
5UM2ESLR48UJ8YT8R,Hunter Davis,tylerarmstrong@example.net,ZM,Zoom
YF1UBVL432ENAAG2Y,Steven Garcia,benjamin53@example.net,ZM,Zoom
P417B9TNXGW178PK0,Nicholas Bender,hesterjorge@example.net,ZM,Zoom
6ZKHWAPJ9T4PU16H3,Timothy Montoya,melanie86@example.net,ZM,Zoom
TNEXMCEH686485KDN,Anthony Kent,cynthia04@example.com,ZM,Zoom
RUH6542R8EZD5N89L,Andrea Allen DDS,belljared@example.org,ZM,Zoom
JJBM0Y9F6KYA92040,Reginald Miller,ramirezcharles@example.com,ZM,Zoom
5FTX2F5T4L57M8TNX,Ryan Hernandez,autumn77@example.com,ZM,Zoom
0MKZ35W01EFM6VCAV,Brianna Oneal,millerchelsea@example.org,ZM,Zoom
KGRXN6KA508JFEXPG,Lisa Alvarado,watkinsedward@example.com,ZM,Zoom
WSN8HG9J6VGEMZHU3,Danny Jones,nancythomas@example.com,ZM,Zoom
ULLUR9CC41RBVWYC7,Carrie Carson,carlos45@example.org,ZM,Zoom
AF6SLSE216R261PUE,William Pena,allendavid@example.net,ZM,Zoom
3MNDW21K8DJ7H6RR8,Debra Gonzalez,tonya64@example.net,ZM,Zoom
HZV53YZG3XYBE6XVG,Dr. Sarah Solomon,nathanvelasquez@example.com,ZM,Zoom
33H6KX381LE3SWVF1,Kimberly Costa,xcook@example.com,ZM,Zoom
HB1RK4SE2GU57CSE9,Bryan Robinson,peterskim@example.com,ZM,Zoom
54MUUB2V5M2YACVYR,Jeremy Chase,alyssathomas@example.com,ZM,Zoom
VA977ZXP8WGR1GUMD,Trevor Meyer,roachcesar@example.com,ZM,Zoom
TUW11LLW7C53GHDT7,Kim Hammond,lcastro@example.net,ZM,Zoom
05ERCHNA4FR21N5KK,Brendan Brown,gilesandrew@example.com,ZM,Zoom
BE5UG5RN2KAR9PY9S,Catherine Velazquez,markcortez@example.net,ZM,Zoom
3YSP5JJ76RA66DF3S,Robert Pacheco,vryan@example.org,ZM,Zoom
UZRZG75L1H9484HK6,Lindsey Galvan,ubuckley@example.org,ZM,Zoom
KZY0NNFG08272BAMV,Rhonda Montoya,timothywilson@example.net,ZM,Zoom
HRUF58153PFY2Y3NM,Jessica Ford,garciabrandon@example.net,ZM,Zoom
LYWJW7812ETWMSZKU,David Webb,sheila84@example.com,ZM,Zoom
8XG4TBBV2S0012HW6,Jennifer Calhoun,cristianbrown@example.net,ZM,Zoom
V330CYFTX1YGBR0DP,Tyler Brewer,joyce00@example.net,WORK,Slack
CTTUYFDP6NDCWZXCD,Brandon Baker,lisacollier@example.com,WORK,Slack
BUBW3U4G346YWNN06,Karen Bird,nlopez@example.net,WORK,Slack
SWZEVN021FFRTEEKK,Kaitlyn Davis,deborah59@example.org,WORK,Slack
1F265APG6A21SFKER,Daniel Charles,lopezbrian@example.org,WORK,Slack
JEH2YWFA8DKD7XP6C,Michael Mcdaniel,davidromero@example.org,WORK,Slack
P6XB1GZY4F3YAB11G,Patrick Cox,gerald40@example.net,WORK,Slack
DLZRZ60M827KR53CX,Yolanda Tran,michelleharding@example.org,WORK,Slack
S0L5YU7X44AW55KUD,Shannon Mercer,vasquezchristine@example.com,WORK,Slack
E36Y62VEX400UXBLW,Emma Bowman,nicholas70@example.org,WORK,Slack
GSJX05X191DMEF3CT,Charles Gallagher,kward@example.com,WORK,Slack
UF0MPUNG4724HJD1R,Leroy Houston,russelldouglas@example.net,WORK,Slack
60AF339J5GDHKMT4T,Antonio Mckay,wtaylor@example.net,WORK,Slack
NWW9DYLG3AZG5C3NT,Daniel Johnson,brandon47@example.org,WORK,Slack
W08ZZ7XZ1BBWNMNDX,Ryan Clark,lindseysullivan@example.org,WORK,Slack
U3C3PTPDXD03UJM82,Jesse Campbell,perezkristine@example.com,WORK,Slack
DRJGC4PE2WV3DNYMN,Travis Williams,karen97@example.com,WORK,Slack
EGDKZSJ90JAYP5K9M,Joseph Clark,hulljames@example.net,WORK,Slack
R2ZB7GAE5SE7Z5YWJ,Charles White,mcdonaldheather@example.org,WORK,Slack
5TY8D6CU7TM9PUX8S,Jonathan Martinez,millerjoshua@example.com,WORK,Slack
MXGX1FSZ2YCHG2MKU,Jordan Lewis,jpowell@example.com,WORK,Slack
AT9CBB5E0R9AR6NYA,Christopher Jordan,darrell72@example.com,WORK,Slack
BHF977JBX410DXZWX,Joshua Faulkner,kimreid@example.net,WORK,Slack
9PNLC5FL2SDKSBMY2,Frank Garcia,meghansparks@example.com,WORK,Slack
K026JZLH4R48J8VR9,Sarah Jensen,cortezsean@example.net,WORK,Slack
D776BKPX9MF5SK71K,Kathleen Hamilton,jmiller@example.net,WORK,Slack
ZGCA18KN9RYAUKAAM,Timothy Rice,kcoffey@example.com,WORK,Slack
KELBXN1V0E58VB6YS,Jessica Nelson,bnunez@example.com,WORK,Slack
NRBH890S655T7J97A,Linda Rogers,hamptonderek@example.org,WORK,Slack
Z814W56Y0CTWG6MZJ,Mary Hall,ryanjames@example.com,WORK,Slack
HGK774AZXB348WLDD,Cheryl Gamble,paul97@example.org,WORK,Slack
CT6GU39621SE52PR1,Cassandra Collins,heidispencer@example.com,WORK,Slack
D8UHDX5VXF0RF76MN,Joshua Mays,cspears@example.net,WORK,Slack
N7A25ZF88W6MMYMU2,Crystal Knox,williamsdalton@example.net,WORK,Slack
9U1R6TUA5VC0DC67J,Lisa Cameron,qrichardson@example.org,WORK,Slack
DWNMJSWL8ZEW71R0S,Jimmy Buck,john89@example.org,WORK,Slack
8740864A426VDEZH9,Aaron Martinez,katelynwood@example.com,WORK,Slack
9JMT9NY51P30H3PR6,Heather Miller,myerskyle@example.org,WORK,Slack
4043CDF21F6TG88XF,Brett Callahan,heidi42@example.org,WORK,Slack
KSBFDF959VTRNBKUC,Julia Anderson,monicacortez@example.net,WORK,Slack
JJFVBXK00ZAAZXUJT,Alyssa Terry,lukerivera@example.net,WORK,Slack
ZUAKCHWH4DU33A9WF,Jennifer Gonzalez,andersonjacob@example.net,WORK,Slack
CU6CFKLD4GJ7ZVNH0,Rachel Horn,roconnor@example.net,SQ,Square
W618WXZ15K1LCP7PE,Julia Weber,jefferychang@example.net,SQ,Square
N570WDL47NL4GFWUE,Katherine Howard,eileenscott@example.com,SQ,Square
KTFB59XA2EWS9SR8A,Michelle Terrell,matthew48@example.com,SQ,Square
GBHHV7MV9X3A14SBX,Kara Martinez,cyang@example.com,SQ,Square
7PHWGR0A3MSH0RWU3,Timothy Stevens,ewingkelly@example.com,SQ,Square
X59DYM7N089ZYYTKU,Michael Russell,jnelson@example.net,SQ,Square
20GCZF6K2MSTYESLE,Melissa Pratt,wattsdavid@example.net,SQ,Square
JTPC6YG9XMA266VF3,Michael Ellis,steintracy@example.org,SQ,Square
R0MSSR4T8Z94N4XF7,Anthony Kelley,teresalong@example.org,SQ,Square
BBHZ1V3T858SCJ4A3,Douglas Wright,oconnorrachel@example.com,SQ,Square
JZ8B7HYW9CTDC65YN,Jay Morgan,huntadam@example.net,SQ,Square
BKJYKYA89U3C1EART,Eric Gutierrez,mgarcia@example.org,SQ,Square
22BCXYM39CC9WHFUV,Dr. Christina Anderson,guerraana@example.org,SQ,Square
CZJV1AEJ779MUFTW0,Kevin Taylor,marystephens@example.org,SQ,Square
UHRKD9GBXE0525WXS,Susan Rich,catherine83@example.com,SQ,Square
2SN6KHZ51L1FLSWKT,Bryce Benjamin,martinapril@example.net,SQ,Square
V5RNY8UB64WRXBWNP,Kimberly Cross,jwalker@example.net,SQ,Square
N5J1PXFF6Z47NKEX9,Melanie Fisher,markskelly@example.net,SQ,Square
SN5E4WWJ87HTPASDY,William Sandoval,nealjohn@example.net,SQ,Square
RRZLN718XSUXF4DD3,Robin Brown,andrewschwartz@example.net,SQ,Square
TFSTGCBJ6W6S3SN4Y,Matthew Martinez,mcgrathmary@example.org,SQ,Square
45UYYRJV6XMZ6GF8K,Mary Fisher,jason11@example.net,SQ,Square
KWBTR6LH24YTW3BN0,James Johnston,destiny61@example.org,SQ,Square
53857RKV4W0VM7LZX,Danielle Green,jacksonalice@example.com,SQ,Square
WLDW0KV86057LXTBF,Nicholas Chavez,markmoreno@example.net,SQ,Square
D4B2M6UZ5087199W1,Robin Nunez,jonathan94@example.com,SQ,Square
XA3930JP822VTFYSC,Michele Peterson,asanford@example.org,SQ,Square
S1Z31B8H3J2BGFYF9,Dawn Allen,hudsonnatasha@example.net,SQ,Square
X1WKEY7W91FUHFYSV,Kevin Hogan,hsimmons@example.com,SQ,Square
UB4DB3LP7BA1Y6FHL,Jose Jackson,john68@example.org,SQ,Square
D4ZB78V00U15R4SNW,Clayton Mueller,diane06@example.org,SQ,Square
B0ZTFVSF011EYATUJ,Martin Gonzales,nsnyder@example.com,SQ,Square
HBFMH7FB3ADA921D4,April Todd,tiffanyclark@example.org,SQ,Square
6GVNYNC35GHDBDWB2,Matthew Johnson,michael46@example.com,SQ,Square
JEA9VH5W3WN499G3V,Jacob Robertson,julie21@example.org,SQ,Square
NFLSDNUT1MXN75JG5,Ricky Burgess,wilsonnancy@example.net,SQ,Square
S24UU4BR3H2G7M03T,Kerry Dillon,fsampson@example.net,SQ,Square
TBYARRAS1JJSTGR29,Shane Kelley,kellyrobert@example.net,SQ,Square
5HRCVDTXXV1S1SF81,James Bird,ihanson@example.net,SQ,Square
9WERGL5Z7XCSEXSJ5,Janet Martinez,cassandra03@example.com,SQ,Square
LYRS77AE0C4G08AH4,Adam White,sherimoore@example.org,SQ,Square
NEPKYD003D0J3XETK,Sandra Hoffman,sarah35@example.net,SQ,Square
F6XDLN7398ZA3P5AN,Jose Davis,agarcia@example.com,SHOP,Shopify
6Y50UT221YMTW7CZF,Linda Davis,thomas63@example.com,SHOP,Shopify
STHD39K13TYHS93B4,Sylvia Lindsey,usingh@example.org,SHOP,Shopify
63A607JA9NF6FD5ND,Jennifer Lara DDS,lorijones@example.com,SHOP,Shopify
TNKAFGR118EJNZ0HM,Stephen Oneal,natalieevans@example.net,SHOP,Shopify
RXT7VFE90RWTG67F7,Jason Benton,harold98@example.net,SHOP,Shopify
14W2B8JZ32DHZ3T0C,David French,rachel62@example.net,SHOP,Shopify
F0S0F2SD5UXA0CEK3,Kendra Turner,matthew46@example.org,SHOP,Shopify
WEJDAST24Y9VH7E17,Kyle Gordon,herrerasteven@example.org,SHOP,Shopify
5RPTMS0F0RKNVLU4B,Charles Hopkins,pearsonbruce@example.com,SHOP,Shopify
4J2YFTPW9TPCJSHB8,Tina Miller,gonzalezjessica@example.org,SHOP,Shopify
FVJ1U9UR1NZ6JFPGC,Matthew Freeman,cheryl79@example.org,SHOP,Shopify
HHSMXTFZ9M6RSYSPZ,John Hardy,rodneyortiz@example.org,SHOP,Shopify
L2WAJ58P9PT5DL0VF,Matthew Morales,jamestownsend@example.org,SHOP,Shopify
TCWY0LRU626FUCWA9,Kelly Cain,nhenry@example.org,SHOP,Shopify
NZ5AB61Y8S79UNWMJ,Cassie Walker DDS,justin83@example.com,SHOP,Shopify
N4X6HKB62P0FMUG9R,Scott Williams,michael12@example.com,SHOP,Shopify
0X3JWD7G5MK3SNAVX,Lauren Johnson,joshuajones@example.net,SHOP,Shopify
H833TD9M78GSHB6F7,Eric Tran,carlosdiaz@example.com,SHOP,Shopify
EPAVD6J23PNFRYDR9,John Palmer,rothwilliam@example.net,SHOP,Shopify
CKZ0UYCKXS4EG90CF,Sierra Holt,julia04@example.com,SHOP,Shopify
YFVASW0R7N9BAMMNJ,Julia West,douglasmiller@example.net,SHOP,Shopify
NW325HMZ7TKPNBVHU,Benjamin Vasquez,adam85@example.com,SHOP,Shopify
LNSSA8KT5Z0B2HL93,Linda Hall,xmiller@example.net,SHOP,Shopify
FCLHHZZW2822PSEZV,Dr. Laura Willis,xsutton@example.net,SHOP,Shopify
RPMX4YU65L1YRKJKG,Bianca Caldwell,ylynn@example.org,SHOP,Shopify
8YV0PC0Y5SZT966UA,Ralph Gray,uthomas@example.net,SHOP,Shopify
XLXPKKYN9XZMK2HD4,Robert Mckenzie,ysmith@example.net,SHOP,Shopify
RUHLSTHH6ZM8V8SFK,Kevin Neal,debramurray@example.net,SHOP,Shopify
YPNF9SVP1EX6AAMYZ,Kimberly Chase,kaufmanryan@example.org,SHOP,Shopify
RUG8UP6W1PCF6N3GS,Jade Vazquez,watkinsdonald@example.net,SHOP,Shopify
NW6Y4EVH9KH8HLK90,Casey Price,qcombs@example.com,SHOP,Shopify
JVBGKGMM72L0LX18P,Alfred West,schmidtjason@example.com,SHOP,Shopify
NJZFTU9L3HMR95XJ9,Nathaniel Combs,christine29@example.com,SHOP,Shopify
2RV556J82755K7J3W,Marvin Jones,wallacerichard@example.net,BYND,Beyond Meat
H0RT8LXY9EMGFAY9V,Shane Michael,oconnellmarco@example.com,BYND,Beyond Meat
X6TKZKA37TA8650JS,Gabriel Lloyd,nealevan@example.org,BYND,Beyond Meat
GV2D8T9V0B57ZD6CY,Thomas Strickland,deborahthompson@example.org,BYND,Beyond Meat
031B73JZ7AA0V2UP0,Dalton Hill,jonathan80@example.net,BYND,Beyond Meat
XDUCBEZ992WUJETCH,Garrett Reyes,sjohnson@example.org,BYND,Beyond Meat
77JFN7KK0WRMCZX7F,Jamie Mcintosh,andrew29@example.net,BYND,Beyond Meat
5U758A092USMMLJ0S,Mary Moore,kellykelly@example.org,BYND,Beyond Meat
2V8RBKZ1XV4CA7NZW,Linda Hill,robertsonalexandra@example.net,BYND,Beyond Meat
NSM6SBXS5RYZAYBYG,Chad Gonzalez,eduardo02@example.com,BYND,Beyond Meat
YWTGRXAA5RGG5DV73,Karen Hill,patriciahodge@example.net,BYND,Beyond Meat
H1L7YG3Z5H8FTJ1PF,Deborah Cole,dallen@example.org,BYND,Beyond Meat
B2X3GTUU2GAUABX20,Maria Villegas,ymurillo@example.com,BYND,Beyond Meat
2FNDYHGT302S23XXD,Sarah Johnson DDS,nburke@example.net,BYND,Beyond Meat
WL1YYV0B347ZGBG95,Mr. Edward Thomas PhD,norrissierra@example.org,BYND,Beyond Meat
XHVNGRMW1M3DEMBUS,Lauren Jackson,davidcannon@example.net,BYND,Beyond Meat
0S7VA6CL3Y4SDPYR1,Sheila Young,websterjames@example.net,BYND,Beyond Meat
GL9Y8HX782C9VUYBE,Thomas Bright,alexandersmith@example.com,BYND,Beyond Meat
HXBCR18N8NP3Y7NR3,Edward Randall,suzanne03@example.org,BYND,Beyond Meat
NU2CJPRU54L2T7C7D,Rodney Sutton,hsmith@example.net,BYND,Beyond Meat
3FVDJ7SK9U0MZKR8U,Leah Mccoy,joshua73@example.org,BYND,Beyond Meat
WS1HJLEL7F3BLPKWH,Benjamin Vance,hornwilliam@example.com,BYND,Beyond Meat
2Y8Y06UG0FS49ML3A,Tammy Smith,vkim@example.net,BYND,Beyond Meat
JDY7H0R82ED1U7UHE,Mark Campbell,garciarebecca@example.org,BYND,Beyond Meat
KRW2AHF83WEPDYTW8,William Reese,arroyomary@example.org,BYND,Beyond Meat
6Y2UFLR10ET2KF6R6,Jeffrey Ramos,keith42@example.org,BYND,Beyond Meat
8AE4NZGX9SLXSVSS0,Kristen Hubbard,ericchase@example.org,BYND,Beyond Meat
XEE2XEN80JWNX1Z0F,Kimberly Jacobs DVM,melissacarter@example.org,BYND,Beyond Meat
HERXWJW22PAMV16C3,Brandy Alvarado,calebmurphy@example.org,BYND,Beyond Meat
DW8Z5C7G40CEJLLG9,Kerry Armstrong,jacob77@example.net,BYND,Beyond Meat
BVSYF6Z61ZVCCCHDV,Christopher Johnson,andrea00@example.com,BYND,Beyond Meat
7VNXHH5E4TUUWNSEW,Christopher Coleman,lisajones@example.org,BYND,Beyond Meat
1LWCK1DR567XRRR1X,Anthony Wood,anthony55@example.com,BYND,Beyond Meat
B730KR1160GA70Z2B,Melissa Sanchez,gail04@example.org,BYND,Beyond Meat
5RJGDDFHX2TY8XW2U,Amber Martinez,emilyvaughn@example.net,BYND,Beyond Meat
89EFGRF44B6FD8DN1,Fernando Lee,mooremichelle@example.com,BYND,Beyond Meat
FKT4UX5C12RVZPDU0,Michael Barton,vanessacraig@example.com,BYND,Beyond Meat
UK1DENP75TVEUXLGH,Rickey Parker,fosterkatherine@example.org,BYND,Beyond Meat
A8W75XUZ1FJH45XMK,Heather Anderson,welchjessica@example.com,BYND,Beyond Meat
2LFG1WA0XTMGRDFFC,Calvin Smith DDS,bmorton@example.com,BYND,Beyond Meat
G020X4EE7VHZ1JVWP,Alyssa Meyer,slloyd@example.org,BYND,Beyond Meat
TXK931481P5GFBTSX,Eric Hahn,lrhodes@example.net,BYND,Beyond Meat
29W50H8V7EZ762J6Y,Brittany Greer,bruce72@example.net,BYND,Beyond Meat
